{
    "items" : [
        {"nome" : "Helena"},
        {"nome" : "Alice"},
        {"nome" : "Laura"},
        {"nome" : "Maria Alice"},
        {"nome" : "Sophia"},
        {"nome" : "Manuela"},
        {"nome" : "Maitê"},
        {"nome" : "Liz"},
        {"nome" : "Cecília"},
        {"nome" : "Isabella"},
        {"nome" : "Luísa"},
        {"nome" : "Eloá"},
        {"nome" : "Heloísa"},
        {"nome" : "Júlia"},
        {"nome" : "Ayla"},
        {"nome" : "Maria Luísa"},
        {"nome" : "Isis"},
        {"nome" : "Elisa"},
        {"nome" : "Antonella"},
        {"nome" : "Valentina"},
        {"nome" : "Maya"},
        {"nome" : "Maria Júlia"},
        {"nome" : "Aurora"},
        {"nome" : "Lara"},
        {"nome" : "Maria Clara"},
        {"nome" : "Lívia"},
        {"nome" : "Esther"},
        {"nome" : "Giovanna"},
        {"nome" : "Sarah"},
        {"nome" : "Maria Cecília"},
        {"nome" : "Lorena"},
        {"nome" : "Beatriz"},
        {"nome" : "Rebeca"},
        {"nome" : "Luna"},
        {"nome" : "Olívia"},
        {"nome" : "Maria Helena"},
        {"nome" : "Mariana"},
        {"nome" : "Isadora"},
        {"nome" : "Melissa"},
        {"nome" : "Maria"},
        {"nome" : "Catarina"},
        {"nome" : "Lavínia"},
        {"nome" : "Alícia"},
        {"nome" : "Maria Eduarda"},
        {"nome" : "Agatha"},
        {"nome" : "Ana Liz"},
        {"nome" : "Yasmin"},
        {"nome" : "Emanuelly"},
        {"nome" : "Ana Clara"},
        {"nome" : "Clara"},
        {"nome" : "Ana Júlia"},
        {"nome" : "Marina"},
        {"nome" : "Stella"},
        {"nome" : "Jade"},
        {"nome" : "Maria Liz"},
        {"nome" : "Ana Laura"},
        {"nome" : "Maria Isis"},
        {"nome" : "Ana Luísa"},
        {"nome" : "Gabriela"},
        {"nome" : "Alana"},
        {"nome" : "Rafaela"},
        {"nome" : "Vitória"},
        {"nome" : "Isabelly"},
        {"nome" : "Bella"},
        {"nome" : "Milena"},
        {"nome" : "Clarice"},
        {"nome" : "Mirella"},
        {"nome" : "Ana"},
        {"nome" : "Emilly"},
        {"nome" : "Betina"},
        {"nome" : "Mariah"},
        {"nome" : "Zoe"},
        {"nome" : "Maria Vitória"},
        {"nome" : "Nicole"},
        {"nome" : "Laís"},
        {"nome" : "Melina"},
        {"nome" : "Bianca"},
        {"nome" : "Louise"},
        {"nome" : "Ana Beatriz"},
        {"nome" : "Heloíse"},
        {"nome" : "Malu"},
        {"nome" : "Melinda"},
        {"nome" : "Letícia"},
        {"nome" : "Maria Valentina"},
        {"nome" : "Chloe"},
        {"nome" : "Maria Elisa"},
        {"nome" : "Maria Heloísa"},
        {"nome" : "Maria Laura"},
        {"nome" : "Maria Fernanda"},
        {"nome" : "Ana Cecília"},
        {"nome" : "Hadassa"},
        {"nome" : "Ana Vitória"},
        {"nome" : "Diana"},
        {"nome" : "Ayla Sophia"},
        {"nome" : "Eduarda"},
        {"nome" : "Ana Lívia"},
        {"nome" : "Isabel"},
        {"nome" : "Elis"},
        {"nome" : "Pérola"},
        {"nome" : "Joana"}
    ]
}