{
    "items" : [
        {"nome" : "Miguel"},
        {"nome" : "Arthur"},
        {"nome" : "Gael"},
        {"nome" : "Théo"},
        {"nome" : "Heitor"},
        {"nome" : "Ravi"},
        {"nome" : "Davi"},
        {"nome" : "Bernardo"},
        {"nome" : "Noah"},
        {"nome" : "Gabriel"},
        {"nome" : "Samuel"},
        {"nome" : "Pedro"},
        {"nome" : "Anthony"},
        {"nome" : "Isaac"},
        {"nome" : "Benício"},
        {"nome" : "Benjamin"},
        {"nome" : "Matheus"},
        {"nome" : "Lucas"},
        {"nome" : "Joaquim"},
        {"nome" : "Nicolas"},
        {"nome" : "Lucca"},
        {"nome" : "Lorenzo"},
        {"nome" : "Henrique"},
        {"nome" : "João Miguel"},
        {"nome" : "Rafael"},
        {"nome" : "Henry"},
        {"nome" : "Murilo"},
        {"nome" : "Levi"},
        {"nome" : "Guilherme"},
        {"nome" : "Vicente"},
        {"nome" : "Felipe"},
        {"nome" : "Bryan"},
        {"nome" : "Matteo"},
        {"nome" : "Bento"},
        {"nome" : "João Pedro"},
        {"nome" : "Pietro"},
        {"nome" : "Leonardo"},
        {"nome" : "Daniel"},
        {"nome" : "Gustavo"},
        {"nome" : "Pedro Henrique"},
        {"nome" : "João Lucas"},
        {"nome" : "Emanuel"},
        {"nome" : "João"},
        {"nome" : "Caleb"},
        {"nome" : "Davi Lucca"},
        {"nome" : "Antônio"},
        {"nome" : "Eduardo"},
        {"nome" : "Enrico"},
        {"nome" : "Caio"},
        {"nome" : "José"},
        {"nome" : "Enzo Gabriel"},
        {"nome" : "Augusto"},
        {"nome" : "Mathias"},
        {"nome" : "Vitor"},
        {"nome" : "Enzo"},
        {"nome" : "Cauã"},
        {"nome" : "Francisco"},
        {"nome" : "Rael"},
        {"nome" : "João Guilherme"},
        {"nome" : "Thomas"},
        {"nome" : "Yuri"},
        {"nome" : "Yan"},
        {"nome" : "Anthony Gabriel"},
        {"nome" : "Oliver"},
        {"nome" : "Otávio"},
        {"nome" : "João Gabriel"},
        {"nome" : "Nathan"},
        {"nome" : "Davi Lucas"},
        {"nome" : "Vinícius"},
        {"nome" : "Theodoro"},
        {"nome" : "Valentim"},
        {"nome" : "Ryan"},
        {"nome" : "Luiz Miguel"},
        {"nome" : "Arthur Miguel"},
        {"nome" : "João Vitor"},
        {"nome" : "Léonovo"},
        {"nome" : "Ravi Lucca"},
        {"nome" : "Apollo"},
        {"nome" : "Thiago"},
        {"nome" : "Tomás"},
        {"nome" : "Martin"},
        {"nome" : "José Miguel"},
        {"nome" : "Erick"},
        {"nome" : "Liam"},
        {"nome" : "Josué"},
        {"nome" : "Luan"},
        {"nome" : "Asafe"},
        {"nome" : "Raul"},
        {"nome" : "José Pedro"},
        {"nome" : "Dominic"},
        {"nome" : "Kauê"},
        {"nome" : "Kalel"},
        {"nome" : "Luiz Henrique"},
        {"nome" : "Dom"},
        {"nome" : "Davi Miguel"},
        {"nome" : "Estevão"},
        {"nome" : "Breno"},
        {"nome" : "Davi Luiz"},
        {"nome" : "Thales"},
        {"nome" : "Israel"}
    ]
}